{
    "ShoulderLeft": {
        "roll": 20.468046978936968,
        "pitch": 332.9898639308509,
        "yaw": 50.29206410966367
    },
    "ElbowLeft": {
        "roll": 0.0,
        "pitch": 332.19832180629004,
        "yaw": 0.0
    },
    "ShoulderRight": {
        "roll": 357.7237539323614,
        "pitch": 12.911662918627542,
        "yaw": 272.3432690223707
    },
    "ElbowRight": {
        "roll": 0.0,
        "pitch": 26.313918703717093,
        "yaw": 0.0
    }
}