{
  "current_frame": {
    "body": {
      "is_tracked": true,
      "timestamp": 1759971851960433800,
      "body_list": [
        {
          "id": 93,
          "confidence": 64.01937866210938,
          "local_orientation_euler_deg": {
            "ShoulderLeft": {
              "roll": -36.075883997098714,
              "pitch": -73.97877549569468,
              "yaw": 128.49084128027803
            },
            "ElbowLeft": {
              "roll": 0.0,
              "pitch": -23.393253492983423,
              "yaw": 0.0
            },
            "ShoulderRight": {
              "roll": 3.4782001935243487,
              "pitch": -1.9946400130747879,
              "yaw": -145.9254220032027
            },
            "ElbowRight": {
              "roll": 0.0,
              "pitch": -0.016665411680824402,
              "yaw": 0.0
            }
          }
        },
        {
          "id": 96,
          "confidence": 55.17522048950195,
          "local_orientation_euler_deg": {
            "ShoulderLeft": {
              "roll": -0.007410770828868282,
              "pitch": -0.6991101679685163,
              "yaw": 90.58014674758245
            },
            "ElbowLeft": {
              "roll": 0.0,
              "pitch": -0.4128220855607316,
              "yaw": 0.0
            },
            "ShoulderRight": {
              "roll": 0.007410764332134878,
              "pitch": 0.6991088850314059,
              "yaw": -89.4198553677578
            },
            "ElbowRight": {
              "roll": 0.0,
              "pitch": 0.41283041001577975,
              "yaw": 0.0
            }
          }
        },
        {
          "id": 91,
          "confidence": 87.16263580322266,
          "local_orientation_euler_deg": {
            "ShoulderLeft": {
              "roll": -5.213272457218484,
              "pitch": -13.42632333472537,
              "yaw": 109.70366987470842
            },
            "ElbowLeft": {
              "roll": 0.0,
              "pitch": -24.970619485188855,
              "yaw": 0.0
            },
            "ShoulderRight": {
              "roll": 0.25023867500770103,
              "pitch": 14.252378901525901,
              "yaw": -101.69628753978458
            },
            "ElbowRight": {
              "roll": 0.0,
              "pitch": 52.88325997663991,
              "yaw": 0.0
            }
          }
        }
      ]
    },
    "hands": {
      "left_hand_open": true,
      "right_hand_open": true
    }
  }
}