{
  "current_frame": {
    "body": {
      "is_tracked": true,
      "timestamp": 1761598637732461200,
      "body_list": [
        {
          "id": 0,
          "confidence": 99.56366729736328,
          "local_orientation_quat": {
            "ShoulderLeft": {
              "ox": -0.06472903130823572,
              "oy": 0.050625520981879384,
              "oz": 0.6359932801719487,
              "ow": 0.767306850392036
            },
            "ElbowLeft": {
              "ox": 0.0,
              "oy": -0.11349763721227646,
              "oz": 0.0,
              "ow": 0.9935382604598999
            },
            "ShoulderRight": {
              "ox": -0.06766998022794724,
              "oy": -0.05866081267595291,
              "oz": -0.6443533301353455,
              "ow": 0.7594659328460693
            },
            "ElbowRight": {
              "ox": 0.0,
              "oy": 0.13511501252651215,
              "oz": 0.0,
              "ow": 0.9908299446105957
            }
          }
        }
      ]
    },
    "hands": {
      "left_hand_open": false,
      "right_hand_open": false
    }
  }
}