{
  "current_frame": {
    "body": {
      "is_tracked": true,
      "timestamp": 1761419639961513900,
      "body_list": [
        {
          "id": 2,
          "confidence": 89.34877014160156,
          "local_orientation_euler_deg": {
            "ShoulderLeft": {
              "roll": -3.944452569270267,
              "pitch": 11.049572844789266,
              "yaw": 70.36116508261658
            },
            "ElbowLeft": {
              "roll": 0.0,
              "pitch": -8.239226362614232,
              "yaw": 0.0
            },
            "ShoulderRight": {
              "roll": 21.71816155739581,
              "pitch": 10.994948903603342,
              "yaw": -28.77055348082398
            },
            "ElbowRight": {
              "roll": 0.0,
              "pitch": 23.240349135939606,
              "yaw": 0.0
            }
          }
        }
      ]
    },
    "hands": {
      "left_hand_open": true,
      "right_hand_open": false
    }
  }
}