{
  "current_frame": {
    "body": {
      "is_tracked": true,
      "timestamp": 1761937895216964601,
      "body_list": [
        {
          "id": 12,
          "confidence": 52.74856185913086,
          "local_orientation_quat": {
            "ShoulderLeft": {
              "ox": 0.012534268200397491,
              "oy": -0.013165343552827835,
              "oz": 0.720863938331604,
              "ow": 0.692838191986084
            },
            "ElbowLeft": {
              "ox": 0.0,
              "oy": -0.03289547190070152,
              "oz": 0.0,
              "ow": 0.9994587898254395
            },
            "ShoulderRight": {
              "ox": 0.01316534061225301,
              "oy": 0.012534267084852902,
              "oz": -0.6928381140731653,
              "ow": 0.7208639812984469
            },
            "ElbowRight": {
              "ox": 0.0,
              "oy": 0.03289548680186272,
              "oz": 0.0,
              "ow": 0.9994587898254395
            }
          }
        }
      ]
    },
    "hands": {
      "left_hand_open": true,
      "right_hand_open": true
    }
  }
}